{
  "android_apps": [
    {"env": "prod", "app":"eu.hbogo.android.production", "webview": "WEBVIEW_eu.hbogo.android.production" },
    {"env": "prod_pt", "app":"eu.hboportugal.android.production", "webview": "WEBVIEW_eu.hboportugal.android.production"},
    {"env": "rel", "app":"eu.hbogo.android.automation", "webview": "WEBVIEW_eu.hbogo.android.automation"},
    {"env": "pre_rel", "app":"eu.hbogo.android.prerel", "webview": "WEBVIEW_eu.hbogo.android.prerel" },
    {"env": "qa", "app":"eu.hbogo.android.dev.v8", "webview": "WEBVIEW_eu.hbogo.android.dev.v8" }
  ],
  "ios_apps":[]
}