{
  "content": {
    "Movies": {
      "Normal":[ "venom", "native son", "alpha", "equalizer", "taxi", "primo"],
      "Kids_plus_normal":["the lego movie", "frozen", "rango", "monster university","inside out"],
      "Kids":[]
    },
    "Series": {
      "Normal": ["game of thrones", "true detective", "euphoria", "watchmen"],
      "Kids_plus_normal":["the powerpuff girls"],
      "Kids": ["shaun the sheep","masha and the bear"]
    },
    "People": {
      "Director": ["Tarantino", "Spielberg", "Bay"],
      "Actor": ["Clarke", "Harington"]
    }
  },
  "users": {
    "b2b_hu":{
      "mail":"mobilece_b2b_hu@qa.hbo.eu",
      "pw":"common",
      "c_id":"c81ccbd2-8c13-48d9-9998-1966a04bf58d",
      "indiv":"1192F02A-5E1B-2409-1B4C-4C50D1D1F745",
      "dev_id":"00000000-0000-0000-0000-000000000000",
      "nick":"MarekTheQA",
      "country":"HUN"
    },
    "d2c_hu":{
      "mail":"mobilece_d2c_hu@qa.hbo.eu ",
      "pw":"123456",
      "c_id":"efaebbae-abe0-43b1-8555-e0708e923496",
      "indiv":"C31BCB9B-9240-91C7-F7D5-CBFAACC48B99",
      "dev_id":"00000000-0000-0000-0000-000000000000",
      "country":"HUN"
    },
      "b2b_pl":{
      "mail":"mobilece_b2b_pl@qa.hbo.eu",
      "pw":"common",
      "c_id":"6dd8deb1-82b4-41a5-8587-d98ae2b7085e",
      "indiv":"5B6E5A6D-CBA2-B074-C9E4-FAF5D87A8932",
      "dev_id":"00000000-0000-0000-0000-000000000000",
      "nick":"MarekTheQA",
      "country":"POL"
    },
      "b2b_ro":{
      "mail":"mobilece_b2b_ro@qa.hbo.eu",
      "pw":"common",
      "c_id":"d13a98e9-a993-45b6-810d-bc5b0b26edf6",
      "indiv":"14B4BEB0-4FC2-80A1-17F2-759C86C3E9FF",
      "dev_id":"00000000-0000-0000-0000-000000000000",
      "nick":"MarekTheQA",
      "country":"RON"
    },
    "b2b_mk":{
      "mail":"mobilece_b2b_mk@qa.hbo.eu",
      "pw":"common",
      "c_id":"4564b4ea-9599-455a-898d-36fbcf580836",
      "indiv":"66EFF0C0-3029-52A9-0D89-EC299A3E6A5B",
      "dev_id":"00000000-0000-0000-0000-000000000000",
      "nick":"MarekTheQA",
      "country":"MKD"
    },
     "b2b_ba":{
      "mail":"mobilece_b2b_ba@qa.hbo.eu",
      "pw":"common",
      "c_id":"8113a4b8-a9e6-4e8c-a4ba-1c83d0598d69",
      "indiv":"082B15D3-5B7A-C3D5-CEE4-83A69F9C3968",
      "dev_id":"00000000-0000-0000-0000-000000000000",
      "nick":"MarekTheQA",
      "country":"HRV"
    },
      "b2b_hr":{
      "mail":"mobilece_b2b_hr@qa.hbo.eu",
      "pw":"common",
      "c_id":"84c84076-f9e9-4271-b7f4-6d7f70346a53",
      "indiv":"D988FF00-52EC-6097-7EB9-1F4E6A9744A2",
      "dev_id":"00000000-0000-0000-0000-000000000000",
      "nick":"MarekTheQA",
      "country":"HRV"
    },
      "b2b_si":{
      "mail":"mobilece_b2b_si@qa.hbo.eu",
      "pw":"common",
      "c_id":"29b570c9-851b-4a74-b995-b2a3acdf17c4",
      "indiv":"80AFAA0F-0FF2-77E7-D572-D5B01511D830",
      "dev_id":"00000000-0000-0000-0000-000000000000",
      "nick":"MarekTheQA",
      "country":"SLV"
    },
      "b2b_me":{
      "mail":"mobilece_b2b_me@qa.hbo.eu",
      "pw":"common",
      "c_id":"83969a38-9e14-4aea-8d58-ca9a4f703ea2",
      "indiv":"493DC5BE-5366-03E7-1DCF-9C9470077FCB",
      "dev_id":"00000000-0000-0000-0000-000000000000",
      "nick":"MarekTheQA",
      "country":"SRP"
    },
      "b2b_bg":{
      "mail":"mobilece_b2b_bg@qa.hbo.eu",
      "pw":"common",
      "c_id":"1839dc92-17d6-4b87-95d2-dbe8c8c5533f",
      "indiv":"8896B34D-2114-2CEC-DA36-B6107D678A30",
      "dev_id":"00000000-0000-0000-0000-000000000000",
      "nick":"MarekTheQA",
      "country":"BUL"
    },
      "b2b_cz":{
      "mail":"mobilece_b2b_cz@qa.hbo.eu",
      "pw":"common",
      "c_id":"745764f7-be46-4579-b87c-ea0005f705c7",
      "indiv":"FA695FE5-78CA-4885-85CB-350BCC6BE80B",
      "dev_id":"00000000-0000-0000-0000-000000000000",
      "nick":"MarekTheQA",
      "country":"CES"
    },
    "b2b_sk":{
      "mail":"mobilece_b2b_sk@qa.hbo.eu",
      "pw":"common",
      "c_id":"d38c0703-ba80-4f23-b8fd-1b3c8f9c772f",
      "indiv":"A4AFDCF3-1DC1-0559-6956-E2EF0AF0EFB2",
      "dev_id":"00000000-0000-0000-0000-000000000000",
      "nick":"MarekTheQA",
      "country":"SLO"
    },
      "b2b_rs":{
      "mail":"mobilece_b2b_rs@qa.hbo.eu",
      "pw":"common",
      "c_id":"9006529f-3258-4f99-b5c3-f1d719c39912",
      "indiv":"B8E87351-1540-D776-B9CF-B2B226FA6ED7",
      "dev_id":"00000000-0000-0000-0000-000000000000",
      "nick":"MarekTheQA",
      "country":"SRP"
    },
    "d2c_pt":{
      "mail":"marek.pawlowski@intive.com",
      "pw":"G4m3ofThrones",
      "c_id":"9006529f-3258-4f99-b5c3-f1d719c39912",
      "indiv":"B8E87351-1540-D776-B9CF-B2B226FA6ED7",
      "dev_id":"00000000-0000-0000-0000-000000000000",
      "nick":"MarekTheQA",
      "country":"POR"
  },
    "b2b_qa": {
      "mail":"mobilece_b2b_qa_hu@qa.hbo.eu",
      "pw":"common",
      "c_id":"4e349288-c348-4f80-8fbf-a6870fd6599b",
      "indiv":"5DD25460-C98F-7CF7-86B7-A507CD20E422",
      "dev_id":"00000000-0000-0000-0000-000000000000",
      "nick":"AutoQAmobile",
      "country":"HUN"
    },
     "b2b_pre_rel": {
      "mail":"mobilece_b2b_pre_pl@qa.hbo.eu",
      "pw":"common",
      "c_id":"7d0df52e-bd66-4b1c-b0b4-7435f39511c1",
      "indiv":"4D83A8E4-DBD5-5C6E-60CC-C81A4C53703A",
      "dev_id":"00000000-0000-0000-0000-000000000000",
      "nick":"MobileQApre",
      "country":"POL"
    }
  },

  "special_user":[]

}