{
  "Countries":{
    "pl":{"api_language":"POL", "country_name":"Polska", "language_selector": "Polski", "gateway_provider": "HBO GO Vip/Club Poland" },
    "hu":{"api_language":"HUN", "country_name":"Magyarország", "language_selector": "Magyar", "gateway_provider": "HBO GO Vip/Club Hungary"},
    "cz":{"api_language":"CES", "country_name":"Česká republika", "language_selector": "Čeština" },
    "hr":{"api_language":"HRV", "country_name":"Hrvatska", "language_selector": "Hrvatski" },
    "mk":{"api_language":"MKD", "country_name":"Република Македонија", "language_selector": "Македонски" },
    "sk":{"api_language":"SLO", "country_name":"Slovensko", "language_selector": "Slovenčina" },
    "ro":{"api_language":"RON", "country_name":"România", "language_selector": "Română" },
    "rs":{"api_language":"SRP", "country_name":"Srbija", "language_selector": "Srpski" },
    "si":{"api_language":"SLV", "country_name":"Slovenija", "language_selector": "Slovenščina" },
    "bg":{"api_language":"BUL", "country_name":"България", "language_selector": "Български" },
    "ba":{"api_language":"HRV", "country_name":"Bosna i Hercegovina", "language_selector": "Srpski" },
    "me":{"api_language":"SRP", "country_name":"Montenegro", "language_selector": "Srpski" },
    "pt":{"api_language":"POR", "country_name":"Portugal", "language_selector": "Português" }
  },

  "Showless": {"eng":"Show less", "pl":"Pokaż mniej", "hu": "elrejt", "ro": "Arată mai puțin", "mk": "Прикажи помалку",
    "ba": "Prikaži manje","hr": "Prikaži manje","si": "Prikaži manj","me": "Prikaži manje", "bg": "Показване на по-малко",
    "sk": "Ukázať menej","cz": "Zobrazit méně","rs":"Prikaži manje","pt": "Mostrar menos"},

  "Characters": {"eng": "Characters", "hu": "Karakterek","pl": "Postacie", "ro": "Personaje", "mk": "Ликови",
    "ba": "Likovi","hr": "Likovi","si": "Characters","me": "Likovi","bg": "?",
    "sk": "Postavy","cz": "Postavy","rs":"Likovi", "pt":"Personagens"},

  "Series": {"eng": "Series", "pl":"Seriale" ,"hu": "Sorozatok","ro": "Seriale", "mk": "Серии",
    "ba": "Serije","hr": "Serije","si": "Serije","me": "Serije","bg": "Сериали",
     "sk": "Seriály","cz": "Seriály","rs":"Serije","pt": "Séries"},

  "Movies": {"eng": "Movies", "pl":"Filmy" ,"hu": "Filmek","ro": "Filme", "mk": "Филмови",
    "ba": "Filmovi","hr": "Filmovi","si": "Filmi","me": "Filmovi","bg": "Филми",
    "sk":"Filmy","cz": "Filmy","rs":"Filmovi", "pt": "Filmes"},

  "Last_chance": {"pl": "ostatnia szansa","ro": "ultima șansă","hu": "utoljára", "mk": "последен пат",
    "ba": "posljednja prilika","hr": "posljednja prilika","si": "zadnja priložnost","me": "poslednja prilika",
    "bg": "последен шанс", "sk": "posledná šanca","cz": "poslední šance","rs":"poslednja prilika"},

  "Coming_soon": {"pl": "wkrótce", "hu": "hamarosan", "ro": "în curând", "mk": "наскоро",
    "ba": "uskoro ","hr": "uskoro ","si": "kmalu","me": "uskoro","bg": "очаквайте скоро",
    "sk": "už čoskoro","cz": "již brzy","rs":"uskoro"},

  "Premier": {"hu": "premier", "pl": "premiera", "ro": "premieră", "mk": "премиера",
    "ba": "premijera","hr": "premijera","si": "premiera","me": "premijera","bg": "премиера",
    "sk": "premiéra","cz": "premiéra","rs":"premijera"}


}

