{
  "default": {
    "driver": "chrome",
    "options": ["allow-running-insecure-content"],
    "experimental_options": {},
    "capabilities": {},
    "cookies": {"cookie_consent": "11"}
  },

  "headless": {
    "driver": "chrome",
    "options": ["allow-running-insecure-content", "headless", "window-size=1920x1080"],
    "experimental_options": {},
    "capabilities": {}
  },

  "disable-gpu": {
    "driver": "chrome",
    "options": ["allow-running-insecure-content", "disable-gpu"],
    "experimental_options": {},
    "capabilities": {},
    "cookies": {"cookie_consent": "11"}
  },

  "mobile_web": {
    "driver": "chrome",
    "window_size": {"x": 360, "y": 640},
    "options": ["allow-running-insecure-content"],
    "experimental_options": {
        "mobileEmulation": {
          "userAgent": "Mozilla/5.0 (Linux; Android 4.2.1; en-us; Nexus 5 Build/JOP40D) AppleWebKit/535.19 (KHTML, like Gecko) Chrome/18.0.1025.166 Mobile Safari/535.19",
          "deviceMetrics": {
            "width": 360,
            "height": 640,
            "pixelRatio": 3.0
          }
        }
      },
    "capabilities": {},
    "cookies": {"cookie_consent": "11"}
  }
}