{
  "default": {
    "driver": "firefox",
    "preferences": {"media.eme.enabled": true, "media.gmp-manager.updateEnabled": true},
    "options": [],
    "capabilities": {},
    "cookies": {}
  },

  "headless": {
    "driver": "firefox",
    "preferences": {"media.eme.enabled": true, "media.gmp-manager.updateEnabled": true},
    "options": ["--headless", "--window-size=1920,1080"],
    "capabilities": {}
  },

  "mobile_web": {
    "driver": "firefox",
    "window_size": {"x": 360, "y": 640},
    "preferences": {
        "general.useragent.override": "Mozilla/5.0 (Linux; Android 4.2.1; en-us; Nexus 5 Build/JOP40D) AppleWebKit/535.19 (KHTML, like Gecko) Chrome/18.0.1025.166 Mobile Safari/535.19"
      },
    "options": [],
    "capabilities": {}
  }
}
