{
    "default": {
        "driver": "remote",
        "browserName": "chrome",
        "version": ""
    },

    "firefox": {
        "driver": "remote",
        "browserName": "firefox",
        "version": ""
    },

    "safari": {
        "driver": "remote",
        "browserName": "safari",
        "version": ""
    },

    "chrome": {
        "driver": "remote",
        "browserName": "chrome",
        "browser_version": "70.0",
        "os": "Windows",
        "os_version": "10",
        "resolution": "1920x1080",
        "name": "HBO-CE Sample Test",
        "browserstack.geoLocation": "HU"
    }
}