{
  "platformName": "iOS",
  "platformVersion": "12.3.1",
  "deviceName": "iPhone 6s",
  "automationName": "XCUITest",
  "udid": "ce51e2640edb7fc4d71045ed9df1447b56765cc4",
  "xcodeSigningId": "iPhone Developer",
  "xcodeOrgId": "XTRY58ZV6V",
  "useNewWDA": true,
  "autoDismissAlerts": true,
  "startIWDP": true,
  "includeSafariInWebviews": true,
  "iosInstallPause": 5000,
  "wdaLaunchTimeout": 90000,
  "wdaConnectionTimeout": 300000,
  "wdaStartupRetries": 6,
  "wdaStartupRetryInterval": 20000
}