{
    "assets": [
        {"title": "Rosie O'Donnell: A Heartfelt Standup", "referenceName": "Rosie O'Donnell: A Heartfelt Standup", "lang":"english", "env":"preprod", "type":"movies", "region":"nordic"},
        {"title": "Rosie O'Donnell: A Heartfelt Standup", "referenceName": "Rosie O'Donnell: A Heartfelt Standup", "lang":"swedish", "env":"preprod", "type":"movies", "region":"nordic"},
        {"title": "Apollo 13", "referenceName": "Apollo 13", "lang":"norwegian", "env":"preprod", "type":"movies", "region":"nordic"},
        {"title": "Apollo 13", "referenceName": "Apollo 13", "lang":"finnish", "env":"preprod", "type":"movies", "region":"nordic"},
        {"title": "Apollo 13", "referenceName": "Apollo 13", "lang":"danish", "env":"preprod", "type":"movies", "region":"nordic"},
        {"title": "The Young Comedians All-Star Reunion", "referenceName": "The Young Comedians All-Star Reunion", "lang":"spanish", "env":"preprod", "type":"movies", "region":"spain"},
        {"title": "The Young Comedians All-Star Reunion", "referenceName": "The Young Comedians All-Star Reunion", "lang":"english", "env":"preprod", "type":"movies", "region":"spain"},

        {"title": "STAR WARS: Attack of the Clones", "referenceName": "STAR WARS: Attack of the Clones", "lang":"english", "env":"prod", "type":"movies", "region":"spain"},
        {"title": "STAR WARS: Attack of the Clones", "referenceName": "STAR WARS: Attack of the Clones", "lang":"english", "env":"prod", "type":"movies", "region":"nordic"},
        {"title": "Arthur ja minimoit", "referenceName": "Arthur and the Invisibles", "lang":"finnish", "env":"prod", "type":"movies", "region":"nordic"},
        {"title": "Arthur og Minimoyene", "referenceName": "Arthur and the Invisibles", "lang":"norwegian", "env":"prod", "type":"movies", "region":"nordic"},
        {"title": "Arthur och minimojerna", "referenceName": "Arthur and the Invisibles", "lang":"swedish", "env":"prod", "type":"movies", "region":"nordic"},
        {"title": "Arthur og Minimoyserne", "referenceName": "Arthur and the Invisibles", "lang":"danish", "env":"prod", "type":"movies", "region":"nordic"},
        {"title": "Ira de Titanes", "referenceName": "Wrath of the Titans", "lang":"spanish", "env":"prod", "type":"movies", "region":"spain"},
        {"title": "Ira de Titanes", "referenceName": "Wrath of the Titans", "lang":"english", "env":"prod", "type":"movies", "region":"spain"},

        {"title": "Rome", "referenceName": "Rome", "lang":"english", "env":"preprod", "type":"series", "region":"nordic"},
        {"title": "Rome", "referenceName": "Rome", "lang":"swedish", "env":"preprod", "type":"series", "region":"nordic"},
        {"title": "Game of Thrones", "referenceName": "Game of Thrones", "lang":"norwegian", "env":"preprod", "type":"series", "region":"nordic"},
        {"title": "Game of Thrones", "referenceName": "Game of Thrones", "lang":"finnish", "env":"preprod", "type":"series", "region":"nordic"},
        {"title": "Game of Thrones", "referenceName": "Game of Thrones", "lang":"danish", "env":"preprod", "type":"series", "region":"nordic"},
        {"title": "Game of Thrones", "referenceName": "Game of Thrones", "lang":"english", "env":"preprod", "type":"series", "region":"spain"},
        {"title": "Juego de tronos", "referenceName": "Game of Thrones","lang":"spanish", "env":"preprod", "type":"series", "region":"spain"},

        {"title": "Game of Thrones", "referenceName": "Game of Thrones", "lang":"english", "env":"prod", "type":"series", "region":"nordic"},
        {"title": "Game of Thrones", "referenceName": "Game of Thrones", "lang":"swedish", "env":"prod", "type":"series", "region":"nordic"},
        {"title": "Game of Thrones", "referenceName": "Game of Thrones", "lang":"norwegian", "env":"prod", "type":"series", "region":"nordic"},
        {"title": "Game of Thrones", "referenceName": "Game of Thrones", "lang":"finnish", "env":"prod", "type":"series", "region":"nordic"},
        {"title": "Game of Thrones", "referenceName": "Game of Thrones", "lang":"danish", "env":"prod", "type":"series", "region":"nordic"},
        {"title": "Game of Thrones", "referenceName": "Game of Thrones", "lang":"english", "env":"prod", "type":"series", "region":"spain"},
        {"title": "Juego de tronos", "referenceName": "Game of Thrones","lang":"spanish", "env":"prod", "type":"series", "region":"spain"}
    ],
    "assets_special_characters": [
        {"title": "Jaws för grønn på vært än", "referenceName":"Jaws", "lang":"english", "env":"preprod", "type":"movies", "region":"nordic"},
        {"title": "Jaws för grønn på vært än",  "referenceName":"Jaws","lang":"swedish", "env":"preprod", "type":"movies", "region":"nordic"},
        {"title": "Jaws för grønn på vært än", "referenceName":"Jaws", "lang":"finnish", "env":"preprod", "type":"movies", "region":"nordic"},
        {"title": "Jaws för grønn på vært än", "referenceName":"Jaws", "lang":"danish", "env":"preprod", "type":"movies", "region":"nordic"},
        {"title": "Jaws för grønn på vært än",  "referenceName":"Jaws","lang":"norwegian", "env":"preprod", "type":"movies", "region":"nordic"},
        {"title": "Elephant ¡España país más véase amó tú über¿", "referenceName":"Elephant", "lang":"spanish", "env":"preprod", "type":"movies", "region":"spain"},
        {"title": "Elephant ¡España país más véase amó tú über¿", "referenceName":"Elephant", "lang":"english", "env":"preprod", "type":"movies", "region":"spain"},
        
        {"title": "Marvel's Inhumans","referenceName": "Marvel's Inhumans", "lang":"english", "env":"prod", "type":"movies", "region":"nordic"},
        {"title": "Varning för Vilda Djur", "referenceName":"Furry Vengeance", "lang":"swedish", "env":"prod", "type":"movies", "region":"nordic"},
        {"title": "Niko 2: Lentäjäveljekset", "referenceName":"Niko 2 - Little Brother, Big trouble", "lang":"finnish", "env":"prod", "type":"movies", "region":"nordic"},
        {"title": "Den Skaldede Frisør", "referenceName":"Den Skaldede Frisør", "lang":"danish", "env":"prod", "type":"movies", "region":"nordic"},
        {"title": "En Kongelig Affære", "referenceName":"En Kongelig Affære", "lang":"norwegian", "env":"prod", "type":"movies", "region":"nordic"},
        {"title": "Caperucita Roja (¿A quién tienes miedo?)", "referenceName": "Red Riding Hood", "lang":"spanish", "env":"prod", "type":"movies", "region":"spain"},
        {"title": "Caperucita Roja (¿A quién tienes miedo?)", "referenceName": "Red Riding Hood", "lang":"english", "env":"prod", "type":"movies", "region":"spain"}
    ],
    "assets_kids": [
        {"title": "Cleo","referenceName": "Cleo", "lang":"spanish", "env":"preprod", "type":"series", "region":"spain"},
        {"title": "Cleo","referenceName": "Cleo", "lang":"english", "env":"preprod", "type":"series", "region":"spain"},
        {"title": "Ben 10","referenceName": "Ben 10", "lang":"english", "env":"preprod", "type":"series", "region":"nordic"},
        {"title": "Ben 10","referenceName": "Ben 10", "lang":"swedish", "env":"preprod", "type":"series", "region":"nordic"},
        {"title": "Ben 10","referenceName": "Ben 10", "lang":"finnish", "env":"preprod", "type":"series", "region":"nordic"},
        {"title": "Ben 10","referenceName": "Ben 10", "lang":"danish", "env":"preprod", "type":"series", "region":"nordic"},
        {"title": "Ben 10","referenceName": "Ben 10", "lang":"norwegian", "env":"preprod", "type":"series", "region":"nordic"},
        {"title": "My Little Pony: La Magia de la Amistad","referenceName": "My Little Pony Friendship Is Magic", "lang":"spanish", "env":"prod", "type":"series", "region":"spain"},
        {"title": "My Little Pony Friendship Is Magic","referenceName": "My Little Pony Friendship Is Magic", "lang":"english", "env":"prod", "type":"series", "region":"spain"},
        {"title": "Ben 10","referenceName": "Ben 10", "lang":"english", "env":"prod", "type":"series", "region":"nordic"},
        {"title": "Ben 10","referenceName": "Ben 10", "lang":"swedish", "env":"prod", "type":"series", "region":"nordic"},
        {"title": "Ben 10","referenceName": "Ben 10", "lang":"finnish", "env":"prod", "type":"series", "region":"nordic"},
        {"title": "Ben 10","referenceName": "Ben 10", "lang":"danish", "env":"prod", "type":"series", "region":"nordic"},
        {"title": "Ben 10","referenceName": "Ben 10", "lang":"norwegian", "env":"prod", "type":"series", "region":"nordic"}
    ],
    "special_assets": {
        "movie": [
            {"title": "7 Days in Hell", "referenceName": "7 Days in Hell", "type": "movie", "section": "adult", "lang": "swedish", "env": "preprod", "region": "nordic"},
            {"title": "7 Days in Hell", "referenceName": "7 Days in Hell", "type": "movie", "section": "adult", "lang": "norwegian", "env": "preprod", "region": "nordic"},
            {"title": "7 Days in Hell", "referenceName": "7 Days in Hell", "type": "movie", "section": "adult", "lang": "danish", "env": "preprod", "region": "nordic"},
            {"title": "7 Days in Hell", "referenceName": "7 Days in Hell", "type": "movie", "section": "adult", "lang": "finnish", "env": "preprod", "region": "nordic"},
            {"title": "7 Days in Hell", "referenceName": "7 Days in Hell", "type": "movie", "section": "adult", "lang": "english", "env": "preprod", "region": "nordic"},
            {"title": "7 Days in Hell", "referenceName": "7 Days in Hell", "type": "movie", "section": "adult", "lang": "english", "env": "preprod", "region": "spain"},
            {"title": "Siete días infernales", "referenceName": "7 Days in Hell", "type": "movie", "section": "adult", "lang": "spanish", "env": "preprod", "region": "spain"},

            {"title": "Transformers", "referenceName": "Transformers", "type": "movie", "section": "adult", "lang": "swedish", "env": "prod", "region": "nordic"},
            {"title": "Transformers", "referenceName": "Transformers", "type": "movie", "section": "adult", "lang": "norwegian", "env": "prod", "region": "nordic"},
            {"title": "Transformers", "referenceName": "Transformers", "type": "movie", "section": "adult", "lang": "danish", "env": "prod", "region": "nordic"},
            {"title": "Transformers", "referenceName": "Transformers", "type": "movie", "section": "adult", "lang": "finnish", "env": "prod", "region": "nordic"},
            {"title": "Transformers", "referenceName": "Transformers", "type": "movie", "section": "adult", "lang": "english", "env": "prod", "region": "nordic"},
            {"title": "Abraham Lincoln: Vampire Hunter", "referenceName": "Abraham Lincoln: Vampire Hunter", "type": "movie", "section": "adult", "lang": "english", "env": "prod", "region": "spain"},
            {"title": "Abraham Lincoln: Cazador de vampiros", "referenceName": "Abraham Lincoln: Vampire Hunter", "type": "movie", "section": "adult", "lang": "spanish", "env": "prod", "region": "spain"}

        ],
        "kids_movie": [
            {"title": "Dumma mej", "referenceName": "Despicable Me", "type": "movie", "section": "kids", "lang": "swedish", "env": "preprod", "region": "nordic"},
            {"title": "Grusomme meg", "referenceName": "Despicable Me", "type": "movie", "section": "kids", "lang": "norwegian", "env": "preprod", "region": "nordic"},
            {"title": "Grusomme mig", "referenceName": "Despicable Me", "type": "movie", "section": "kids", "lang": "danish", "env": "preprod", "region": "nordic"},
            {"title": "Itse ilkimys", "referenceName": "Despicable Me", "type": "movie", "section": "kids", "lang": "finnish", "env": "preprod", "region": "nordic"},
            {"title": "Despicable Me", "referenceName": "Despicable Me", "type": "movie", "section": "kids", "lang": "english", "env": "preprod", "region": "nordic"},
            {"title": "Shrek", "referenceName": "Shrek", "type": "movie", "section": "kids", "lang": "english", "env": "preprod", "region": "spain"},
            {"title": "Shrek", "referenceName": "Shrek", "type": "movie", "section": "kids", "lang": "spanish", "env": "preprod", "region": "spain"},

            {"title": "Antz", "referenceName": "Antz", "type": "movie", "section": "kids", "lang": "swedish", "env": "prod", "region": "nordic"},
            {"title": "Antz", "referenceName": "Antz", "type": "movie", "section": "kids", "lang": "norwegian", "env": "prod", "region": "nordic"},
            {"title": "Antz", "referenceName": "Antz", "type": "movie", "section": "kids", "lang": "danish", "env": "prod", "region": "nordic"},
            {"title": "Antz", "referenceName": "Antz", "type": "movie", "section": "kids", "lang": "finnish", "env": "prod", "region": "nordic"},
            {"title": "Antz", "referenceName": "Antz", "type": "movie", "section": "kids", "lang": "english", "env": "prod", "region": "nordic"},
            {"title": "Harry Potter and the Sorcerer's Stone", "referenceName": "Harry Potter and the Sorcerer's Stone", "type": "movie", "section": "kids", "lang": "english", "env": "prod", "region":"spain"},
            {"title": "Harry Potter y la piedra filosofal", "referenceName": "Harry Potter and the Sorcerer's Stone", "type": "movie", "section": "kids", "lang": "spanish", "env": "prod", "region":"spain"}
        ],
        "episode": [
            {"title": "Game of Thrones", "referenceName": "Game of Thrones", "season": 2, "episode": 2, "ep_name": "The Night Lands", "type": "series", "section": "adult", "lang": "swedish", "env": "preprod", "region": "nordic"},
            {"title": "Game of Thrones", "referenceName": "Game of Thrones", "season": 2, "episode": 2, "ep_name": "The Night Lands", "type": "series", "section": "adult", "lang": "norwegian", "env": "preprod", "region": "nordic"},
            {"title": "Game of Thrones", "referenceName": "Game of Thrones", "season": 2, "episode": 2, "ep_name": "The Night Lands", "type": "series", "section": "adult", "lang": "danish", "env": "preprod", "region": "nordic"},
            {"title": "Game of Thrones", "referenceName": "Game of Thrones", "season": 2, "episode": 2, "ep_name": "The Night Lands", "type": "series", "section": "adult", "lang": "finnish", "env": "preprod", "region": "nordic"},
            {"title": "Game of Thrones", "referenceName": "Game of Thrones", "season": 2, "episode": 2, "ep_name": "The Night Lands", "type": "series", "section": "adult", "lang": "english", "env": "preprod", "region": "nordic"},
            {"title": "Game of Thrones", "referenceName": "Game of Thrones", "season": 3, "episode": 4, "ep_name": "And Now His Watch Is Ended", "type": "series", "section": "adult", "lang": "english", "env": "preprod", "region": "spain"},
            {"title": "Juego de tronos", "referenceName": "Game of Thrones", "season": 3, "episode": 4, "ep_name": "And Now His Watch Is Ended", "type": "series", "section": "adult", "lang": "spanish", "env": "preprod", "region": "spain"},

            {"title": "The Sopranos", "referenceName": "The Sopranos", "season": 3, "episode": 3, "ep_name": "Fortunate Son", "type": "series", "section": "adult", "lang": "swedish", "env": "prod", "region": "nordic"},
            {"title": "The Sopranos", "referenceName": "The Sopranos", "season": 3, "episode": 3, "ep_name": "Fortunate Son", "type": "series", "section": "adult", "lang": "norwegian", "env": "prod", "region": "nordic"},
            {"title": "The Sopranos", "referenceName": "The Sopranos", "season": 3, "episode": 3, "ep_name": "Fortunate Son", "type": "series", "section": "adult", "lang": "danish", "env": "prod", "region": "nordic"},
            {"title": "The Sopranos", "referenceName": "The Sopranos", "season": 3, "episode": 3, "ep_name": "Fortunate Son", "type": "series", "section": "adult", "lang": "finnish", "env": "prod", "region": "nordic"},
            {"title": "The Sopranos", "referenceName": "The Sopranos", "season": 3, "episode": 3, "ep_name": "Fortunate Son", "type": "series", "section": "adult", "lang": "english", "env": "prod", "region": "nordic"},
            {"title": "Killing Eve", "referenceName": "Killing Even", "season": 1, "episode": 8, "ep_name": "God, I'm Tired", "type": "series", "section": "adult", "lang": "english", "env": "prod", "region": "spain"},
            {"title": "Killing Eve", "referenceName": "Killing Eve", "season": 1, "episode": 8, "ep_name": "Dios, estoy cansada", "type": "series", "section": "adult", "lang": "spanish", "env": "prod", "region": "spain"}
        ],
        "kids_episode": [
            {"title": "Gumballs Fantastiska Värld", "referenceName": "The Amazing World of Gumball", "season": 3, "episode": 4, "ep_name": "Glädjen", "type": "series", "section": "kids", "lang": "swedish", "env": "preprod", "region": "nordic"},
            {"title": "Gumballs Fantastiske Verden", "referenceName": "The Amazing World of Gumball", "season": 3, "episode": 4, "ep_name": "Gleden", "type": "series", "section": "kids", "lang": "norwegian", "env": "preprod", "region": "nordic"},
            {"title": "Gumballs Fantastiske Verden", "referenceName": "The Amazing World of Gumball", "season": 3, "episode": 4, "ep_name": "Glæden", "type": "series", "section": "kids", "lang": "danish", "env": "preprod", "region": "nordic"},
            {"title": "Gumballin mieletön maailma", "referenceName": "The Amazing World of Gumball", "season": 3, "episode": 4, "ep_name": "Ilo", "type": "series", "section": "kids", "lang": "finnish", "env": "preprod", "region": "nordic"},
            {"title": "The Amazing World of Gumball", "referenceName": "The Amazing World of Gumball", "season": 3, "episode": 4,"ep_name": "The Joy", "type": "series", "section": "kids", "lang": "english", "env": "preprod", "region": "nordic"},
            {"title": "Cleo", "referenceName": "Cleo", "season": 1, "episode": 14, "ep_name": "My Mum Loves Me", "type": "series", "section": "kids", "lang": "english", "env": "preprod", "region": "spain"},
            {"title": "Cleo", "referenceName": "Cleo", "season": 1, "episode": 14, "ep_name": "My Mum Loves Me", "type": "series", "section": "kids", "lang": "spanish", "env": "preprod", "region": "spain"},

            {"title": "Äventyrsdags", "referenceName": "Adventure Time", "season": 5, "episode": 3, "ep_name": "Fem till korta historier", "type": "series", "section": "kids", "lang": "swedish", "env": "prod", "region": "nordic"},
            {"title": "Eventyrtid", "referenceName": "Adventure Time", "season": 5, "episode": 3, "ep_name": "Fem Korte Grabler", "type": "series", "section": "kids", "lang": "norwegian", "env": "prod", "region": "nordic"},
            {"title": "Eventyrtid", "referenceName": "Adventure Time", "season": 5, "episode": 3, "ep_name": "Flere Grublerier", "type": "series", "section": "kids", "lang": "danish", "env": "prod", "region": "nordic"},
            {"title": "Seikkailuhetki", "referenceName": "Adventure Time", "season": 5, "episode": 3, "ep_name": "Viisi tarinantynkää lisää", "type": "series", "section": "kids", "lang": "finnish", "env": "prod", "region": "nordic"},
            {"title": "Adventure Time", "referenceName": "Adventure Time", "season": 5, "episode": 3, "ep_name": "Five More Short Graybles", "type": "series", "section": "kids", "lang": "english", "env": "prod", "region": "nordic"},
            {"title": "Kim Possible", "referenceName": "Kim Possible", "season": 1, "episode": 8, "ep_name": "Number One", "type": "series", "section": "kids", "lang": "english", "env": "prod", "region": "spain"},
            {"title": "Kim Possible", "referenceName": "Kim Possible", "season": 1, "episode": 8, "ep_name": "Número Uno", "type": "series", "section": "kids", "lang": "spanish", "env": "prod", "region": "spain"}
        ],
        "last_episode": [
            {"title": "Rome", "referenceName": "Rome", "season": 2, "episode": 10, "ep_name": "De Patre Vostro (About Your Father)", "type": "series", "section": "adult", "lang": "swedish", "env": "preprod", "region": "nordic"},
            {"title": "Rome", "referenceName": "Rome", "season": 2, "episode": 10, "ep_name": "De Patre Vostro (About Your Father)", "type": "series", "section": "adult", "lang": "norwegian", "env": "preprod", "region": "nordic"},
            {"title": "Rome", "referenceName": "Rome", "season": 2, "episode": 10, "ep_name": "De Patre Vostro (About Your Father)", "type": "series", "section": "adult", "lang": "danish", "env": "preprod", "region": "nordic"},
            {"title": "Rome", "referenceName": "Rome", "season": 2, "episode": 10, "ep_name": "De Patre Vostro (About Your Father)", "type": "series", "section": "adult", "lang": "finnish", "env": "preprod", "region": "nordic"},
            {"title": "Rome", "referenceName": "Rome", "season": 2, "episode": 10, "ep_name": "De Patre Vostro (About Your Father)", "type": "series", "section": "adult", "lang": "english", "env": "preprod", "region": "nordic"},
            {"title": "Allí abajo", "referenceName": "Allí abajo", "season": 3, "episode": 3, "ep_name": "Cerrado por reformas", "type": "series", "section": "adult", "lang": "spanish", "env": "preprod", "region": "spain"},
            {"title": "Allí abajo", "referenceName": "Allí abajo", "season": 3, "episode": 3, "ep_name": "Cerrado por reformas", "type": "series", "section": "adult", "lang": "english", "env": "preprod", "region": "spain"},

            {"title": "The Sopranos", "referenceName": "The Sopranos", "season": 6, "episode": 21, "ep_name": "Made in America", "type": "series", "section": "adult", "lang": "swedish", "env": "prod", "region": "nordic"},
            {"title": "The Sopranos", "referenceName": "The Sopranos", "season": 6, "episode": 21, "ep_name": "Made in America", "type": "series", "section": "adult", "lang": "norwegian", "env": "prod", "region": "nordic"},
            {"title": "The Sopranos", "referenceName": "The Sopranos", "season": 6, "episode": 21, "ep_name": "Made in America", "type": "series", "section": "adult", "lang": "danish", "env": "prod", "region": "nordic"},
            {"title": "The Sopranos", "referenceName": "The Sopranos", "season": 6, "episode": 21, "ep_name": "Made in America", "type": "series", "section": "adult", "lang": "finnish", "env": "prod", "region": "nordic"},
            {"title": "The Sopranos", "referenceName": "The Sopranos", "season": 6, "episode": 21, "ep_name": "Made in America", "type": "series", "section": "adult", "lang": "english", "env": "prod", "region": "nordic"},
            {"title": "The Young Pope", "referenceName": "The Young Pope", "season": 1, "episode": 10, "ep_name": "Episode 10", "type": "series", "section": "adult", "lang": "english", "env": "prod", "region": "spain"},
            {"title": "The Young Pope", "referenceName": "The Young Pope", "season": 1, "episode": 10, "ep_name": "Episodio 10", "type": "series", "section": "adult", "lang": "spanish", "env": "prod", "region": "spain"}
        ],
        "kids_last_episode": [
            {"title": "Gumballs Fantastiska Värld", "referenceName": "The Amazing World of Gumball", "season": 3, "episode": 10,"ep_name": "Semestern", "type": "series", "section": "kids", "lang": "swedish", "env": "preprod", "region": "nordic"},
            {"title": "Gumballs Fantastiske Verden", "referenceName": "The Amazing World of Gumball", "season": 3, "episode": 10, "ep_name": "Ferien", "type": "series", "section": "kids", "lang": "norwegian", "env": "preprod", "region": "nordic"},
            {"title": "Gumballs Fantastiske Verden", "referenceName": "The Amazing World of Gumball", "season": 3, "episode": 10, "ep_name": "Ferien", "type": "series", "section": "kids", "lang": "danish", "env": "preprod", "region": "nordic"},
            {"title": "Gumballin mieletön maailma", "referenceName": "The Amazing World of Gumball", "season": 3, "episode": 10, "ep_name": "Lom", "type": "series", "section": "kids", "lang": "finnish", "env": "preprod", "region": "nordic"},
            {"title": "The Amazing World of Gumball", "referenceName": "The Amazing World of Gumball", "season": 3, "episode": 10, "ep_name": "The Vacation", "type": "series", "section": "kids", "lang": "english", "env": "preprod", "region": "nordic"},
            {"title": "Cleo", "referenceName": "Cleo", "season": 1, "episode": 20, "ep_name": "Who is Cleo?", "type": "series", "section": "kids", "lang": "english", "env": "preprod", "region": "spain"},
            {"title": "Cleo", "referenceName": "Cleo", "season": 1, "episode": 20, "ep_name": "Who is Cleo?", "type": "series", "section": "kids", "lang": "spanish", "env": "preprod", "region": "spain"},

            {"title": "Barbapapa", "referenceName": "Barbapapa", "season": 1, "episode": 45, "ep_name": "Tillbaka till jorden", "type": "series", "section": "kids", "lang": "swedish", "env": "prod", "region": "nordic"},
            {"title": "Barbapapa", "referenceName": "Barbapapa", "season": 1, "episode": 45, "ep_name": "Tilbake til Jorden", "type": "series", "section": "kids", "lang": "norwegian", "env": "prod", "region": "nordic"},
            {"title": "Barbapapa", "referenceName": "Barbapapa", "season": 1, "episode": 45, "ep_name": "Tilbage til jorden", "type": "series", "section": "kids", "lang": "danish", "env": "prod", "region": "nordic"},
            {"title": "Barbapapa", "referenceName": "Barbapapa", "season": 1, "episode": 45, "ep_name": "Paluu maapallolle", "type": "series", "section": "kids", "lang": "finnish", "env": "prod", "region": "nordic"},
            {"title": "Barbapapa", "referenceName": "Barbapapa", "season": 1, "episode": 45, "ep_name": "Return to Earth", "type": "series", "section": "kids", "lang": "english", "env": "prod", "region": "nordic"},
            {"title": "SpongeBob Square Pants", "referenceName": "SpongeBob Square Pants", "season": 8, "episode": 26, "ep_name": "Hello Bikini Bottom", "type": "series", "section": "kids", "lang": "english", "env": "prod", "region": "spain"},
            {"title": "SpongeBob Square Pants", "referenceName": "SpongeBob Square Pants", "season": 8, "episode": 26, "ep_name": "Bob Esponja se va de gira", "type": "series", "section": "kids", "lang": "spanish", "env": "prod", "region": "spain"}
        ],
        "has_chainplay": [
            {"@use": "episode", "lang": "swedish", "env": "preprod", "region": "nordic"},
            {"@use": "episode", "lang": "norwegian", "env": "preprod", "region": "nordic"},
            {"@use": "episode", "lang": "danish", "env": "preprod", "region": "nordic"},
            {"@use": "episode", "lang": "finnish", "env": "preprod", "region": "nordic"},
            {"@use": "episode", "lang": "english", "env": "preprod", "region": "nordic"},
            {"@use": "episode", "lang": "english", "env": "preprod", "region": "spain"},
            {"@use": "episode", "lang": "spanish", "env": "preprod", "region": "spain"},

            {"@use": "episode", "lang": "swedish", "env": "prod", "region": "nordic"},
            {"@use": "episode", "lang": "norwegian", "env": "prod", "region": "nordic"},
            {"@use": "episode", "lang": "danish", "env": "prod", "region": "nordic"},
            {"@use": "episode", "lang": "finnish", "env": "prod", "region": "nordic"},
            {"@use": "episode", "lang": "english", "env": "prod", "region": "nordic"},
            {"@use": "episode", "lang": "english", "env": "prod", "region": "spain"},
            {"@use": "episode", "lang": "spanish", "env": "prod", "region": "spain"}
        ],
        "kids_has_chainplay": [
            {"@use": "kids_episode", "lang": "swedish", "env": "preprod", "region": "nordic"},
            {"@use": "kids_episode", "lang": "norwegian", "env": "preprod", "region": "nordic"},
            {"@use": "kids_episode", "lang": "danish", "env": "preprod", "region": "nordic"},
            {"@use": "kids_episode", "lang": "finnish", "env": "preprod", "region": "nordic"},
            {"@use": "kids_episode", "lang": "english", "env": "preprod", "region": "nordic"},
            {"@use": "kids_episode", "lang": "english", "env": "preprod", "region": "spain"},
            {"@use": "kids_episode", "lang": "spanish", "env": "preprod", "region": "spain"},

            {"@use": "kids_episode", "lang": "swedish", "env": "prod", "region": "nordic"},
            {"@use": "kids_episode", "lang": "norwegian", "env": "prod", "region": "nordic"},
            {"@use": "kids_episode", "lang": "danish", "env": "prod", "region": "nordic"},
            {"@use": "kids_episode", "lang": "finnish", "env": "prod", "region": "nordic"},
            {"@use": "kids_episode", "lang": "english", "env": "prod", "region": "nordic"},
            {"@use": "kids_episode", "lang": "english", "env": "prod", "region": "spain"},
            {"@use": "kids_episode", "lang": "spanish", "env": "prod", "region": "spain"}
        ],
        "long_series_first_episode": [
            {"title": "Game of Thrones", "referenceName": "Game of Thrones", "season": 1, "episode": 2, "ep_name": "The Kingsroad","lang": "english", "env": "preprod", "type": "series", "section": "adult", "region": "nordic"}
        ],
        "long_series_last_episode": [
            {"title": "Game of Thrones", "referenceName": "Game of Thrones", "season": 3, "episode": 9, "ep_name": "The Rains of Castamere","lang": "english", "env": "preprod", "type": "series", "section": "adult", "region": "nordic"}
        ],
        "movie_special_characters": [
            {"title": "Jaws för grønn på vært än", "referenceName":"Jaws", "lang":"english", "env":"preprod", "type":"movie", "section": "adult", "region":"nordic"},
            {"title": "Jaws för grønn på vært än",  "referenceName":"Jaws","lang":"swedish", "env":"preprod", "type":"movie", "section": "adult", "region":"nordic"},
            {"title": "Jaws för grønn på vært än", "referenceName":"Jaws", "lang":"finnish", "env":"preprod", "type":"movie", "section": "adult", "region":"nordic"},
            {"title": "Jaws för grønn på vært än", "referenceName":"Jaws", "lang":"danish", "env":"preprod", "type":"movie", "section": "adult", "region":"nordic"},
            {"title": "Jaws för grønn på vært än",  "referenceName":"Jaws","lang":"norwegian", "env":"preprod", "type":"movie", "section": "adult", "region":"nordic"},
            {"title": "Elephant ¡España país más véase amó tú über¿", "referenceName":"Elephant", "lang":"spanish", "env":"preprod", "type":"movie", "section": "adult", "region":"spain"},
            {"title": "Elephant ¡España país más véase amó tú über¿", "referenceName":"Elephant", "lang":"english", "env":"preprod", "type":"movie", "section": "adult", "region":"spain"},
            
            {"title": "Marvel's Inhumans","referenceName": "Marvel's Inhumans", "lang":"english", "env":"prod", "type":"movie", "section": "adult", "region":"nordic"},
            {"title": "Varning för Vilda Djur", "referenceName":"Furry Vengeance", "lang":"swedish", "env":"prod", "type":"movie", "section": "adult", "region":"nordic"},
            {"title": "Niko 2: Lentäjäveljekset", "referenceName":"Niko 2 - Little Brother, Big trouble", "lang":"finnish", "env":"prod", "section": "adult", "type":"movie", "region":"nordic"},
            {"title": "Den Skaldede Frisør", "referenceName":"Den Skaldede Frisør", "lang":"danish", "env":"prod", "type":"movie", "section": "adult", "region":"nordic"},
            {"title": "En Kongelig Affære", "referenceName":"En Kongelig Affære", "lang":"norwegian", "env":"prod", "type":"movie", "section": "adult", "region":"nordic"},
            {"title": "Caperucita Roja (¿A quién tienes miedo?)", "referenceName": "Red Riding Hood", "lang":"spanish", "env":"prod", "type":"movie", "section": "adult", "region":"spain"},
            {"title": "Muerte en León. Caso Cerrado", "referenceName": "Muerte en León. Caso Cerrado", "lang":"english", "env":"prod", "type":"movie", "section":"adult", "region":"spain"}
        ],
        "downloadable_movie": [
            {"@use": "movie", "lang": "english", "env": "preprod", "region": "nordic"},
            {"@use": "movie", "lang": "english", "env": "preprod", "region": "spain"},

            {"title": "The Apollo", "referenceName": "The Apollo", "lang": "english", "env": "prod", "type": "movie", "section": "adult", "region": "nordic"},
            {"title": "The Pentagon Wars", "referenceName": "The Pentagon Wars", "lang": "english", "env": "prod", "type": "movie", "section": "adult", "region": "spain"}
        ],
        "downloadable_movie_kids": [
            {"title": "Snowflake: The White Gorilla", "referenceName": "Snowflake: The White Gorilla", "type": "movie", "section": "kids", "lang": "english", "env": "preprod", "region": "nordic"},
            {"title": "Shrek", "referenceName": "Shrek", "type": "movie", "section": "kids", "lang": "english", "env": "preprod", "region": "spain"},

            {"title": "How to Train Your Dragon", "referenceName": "How to Train Your Dragon", "type": "movie", "section": "kids", "lang": "english", "env": "prod", "region": "nordic"},
            {"title": "How to Train Your Dragon", "referenceName": "How to Train Your Dragon", "type": "movie", "section": "kids", "lang": "english", "env": "prod", "region": "spain"}
        ],
        "downloadable_episode": [
            {"title": "Rome", "referenceName": "Rome", "season": 2, "episode": 5, "ep_name": "Heroes of the Republic", "type": "series", "section": "adult", "lang": "english", "env": "preprod", "region": "nordic"},
            {"title": "Westworld", "referenceName": "Westworld", "season": 1, "episode": 5, "ep_name": "Contrapasso", "type": "series", "section": "adult", "lang": "english", "env": "preprod", "region": "spain"},

            {"title": "Watchmen", "referenceName": "Watchmen", "season": 1, "episode": 7, "ep_name": "An Almost Religious Awe", "lang": "english", "env": "prod", "type": "series", "section": "adult", "region": "nordic"},
            {"title": "Watchmen", "referenceName": "Watchmen", "season": 1, "episode": 7, "ep_name": "An Almost Religious Awe", "lang": "english", "env": "prod", "type": "series", "section": "adult", "region": "spain"}
        ],
        "downloadable_episode_next": [
            {"title": "Rome", "referenceName": "Rome", "season": 2, "episode": 6, "ep_name": "Philippi", "type": "series", "section": "adult", "lang": "english", "env": "preprod", "region": "nordic"},
            {"title": "Westworld", "referenceName": "Westworld", "season": 1, "episode": 6, "ep_name": "The Adversary", "type": "series", "section": "adult", "lang": "english", "env": "preprod", "region": "spain"},

            {"title": "Watchmen", "referenceName": "Watchmen", "season": 1, "episode": 8, "ep_name": "A God Walks into Abar", "lang": "english", "env": "prod", "type": "series", "section": "adult", "region": "nordic"},
            {"title": "Watchmen", "referenceName": "Watchmen", "season": 1, "episode": 8, "ep_name": "A God Walks into Abar", "lang": "english", "env": "prod", "type": "series", "section": "adult", "region": "spain"}
        ],
        "downloadable_episode_kids": [
            {"title": "The Amazing World of Gumball", "referenceName": "The Amazing World of Gumball", "season": 2, "episode": 3, "ep_name": "The Knights", "type": "series", "section": "kids", "lang": "english", "env": "preprod", "region": "nordic"},
            {"title": "Bat Pat", "referenceName": "Bat Pat", "season": 1, "episode": 2, "ep_name": "Headless House Guest", "type": "series", "section": "kids", "lang": "english", "env": "preprod", "region": "spain"},

            {"title": "Star Wars: The Clone Wars", "referenceName": "Star Wars: The Clone Wars", "season": 6, "episode": 11, "ep_name": "Voices", "type": "series", "section": "kids", "lang": "english", "env": "prod", "region": "nordic"},
            {"title": "Adventure Time", "referenceName": "Adventure Time", "season": 5, "episode": 15, "ep_name": "A Glitch is a Glitch", "type": "series", "section": "kids", "lang": "english", "env": "prod", "region": "spain"}
        ],
        "downloadable_episode_kids_next": [
            {"title": "The Amazing World of Gumball", "referenceName": "The Amazing World of Gumball", "season": 2, "episode": 4, "ep_name": "The Fridge", "type": "series", "section": "kids", "lang": "english", "env": "preprod", "region": "nordic"},
            {"title": "Bat Pat", "referenceName": "Bat Pat", "season": 1, "episode": 3, "ep_name": "Howl at the Moon", "type": "series", "section": "kids", "lang": "english", "env": "preprod", "region": "spain"},

            {"title": "Star Wars: The Clone Wars", "referenceName": "Star Wars: The Clone Wars", "season": 6, "episode": 12, "ep_name": "Destiny", "type": "series", "section": "kids", "lang": "english", "env": "prod", "region": "nordic"},
            {"title": "Adventure Time", "referenceName": "Adventure Time", "season": 5, "episode": 16, "ep_name": "One Last Job", "type": "series", "section": "kids", "lang": "english", "env": "prod", "region": "spain"}
        ],
        "downloadable_first_episode_kids": [
            {"title": "Uncle Grandpa", "referenceName": "Uncle Grandpa", "season": 4, "episode": 2, "ep_name": "Ball Room", "type": "series", "section": "kids", "lang": "english", "env": "preprod", "region": "nordic"},
            {"title": "Bat Pat", "referenceName": "Bat Pat", "season": 1, "episode": 1, "ep_name": "Boil, Bubble a Witch in Trouble", "type": "series", "section": "kids", "lang": "english", "env": "preprod", "region": "spain"},

            {"title": "Teletubbies", "referenceName": "Teletubbies", "season": 1, "episode": 1, "ep_name": "Making Friends", "type": "series", "section": "kids", "lang": "english", "env": "prod", "region": "nordic"},
            {"title": "Adventure Time", "referenceName": "Adventure Time", "season": 1, "episode": 1, "ep_name": "Slumber Party Panic", "type": "series", "section": "kids", "lang": "english", "env": "prod", "region": "spain"}
        ]
    },
    "users": [
        {"email": "hat-se@qa.hbo.eu", "firstname":"Sweden QA", "lastname": "Automation Test", "password":"asdfasdf", "env":"preprod", "country":"se", "status":"active", "pin":"1111"},
        {"email": "hat-dk@qa.hbo.eu", "firstname":"Denmark QA", "lastname": "Automation Test", "password":"asdfasdf", "env":"preprod", "country":"dk", "status":"active", "pin":"1111"},
        {"email": "hat-no@qa.hbo.eu", "firstname":"Norway QA", "lastname": "Automation Test", "password":"asdfasdf", "env":"preprod", "country":"no", "status":"active", "pin":"1111"},
        {"email": "hat-fi@qa.hbo.eu", "firstname":"Finland QA", "lastname": "Automation Test", "password":"asdfasdf", "env":"preprod", "country":"fi", "status":"active", "pin":"1111"},
        {"email": "hat-es@qa.hbo.eu", "firstname":"Spain QA", "lastname": "Automation Test", "password":"asdfasdf", "env":"preprod", "country":"es", "status":"active", "pin":"1111"},

        {"email": "hat-se@qa.hbo.eu", "firstname":"Sweden QA", "lastname": "Automation Test", "password":"asdfasdf", "env":"prod", "country":"se", "status":"active", "pin":"1111"},
        {"email": "hat-dk@qa.hbo.eu", "firstname":"Denmark QA", "lastname": "Automation Test", "password":"asdfasdf", "env":"prod", "country":"dk", "status":"active", "pin":"1111"},
        {"email": "hat-no@qa.hbo.eu", "firstname":"Norway QA", "lastname": "Automation Test", "password":"asdfasdf", "env":"prod", "country":"no", "status":"active", "pin":"1111"},
        {"email": "hat-fi@qa.hbo.eu", "firstname":"Finland QA", "lastname": "Automation Test", "password":"asdfasdf", "env":"prod", "country":"fi", "status":"active", "pin":"1111"},
        {"email": "hat-es@qa.hbo.eu", "firstname":"Spain QA", "lastname": "Automation Test", "password":"asdfasdf", "env":"prod", "country":"es", "status":"active", "pin":"1111"}
    ],
    "special_users": {
        "change_password": [
            {"email": "hat-se_change_password@qa.hbo.eu", "firstname": "Ändra", "lastname": "Lösenord", "password": "asdfasdf", "tmp_password": "asdfasdfasdf", "env": "preprod", "country": "se", "status": "active", "pin": "1111"},
            {"email": "hat-dk_change_password@qa.hbo.eu", "firstname": "Skift", "lastname": "Adgangskode", "password": "asdfasdf", "tmp_password": "asdfasdfasdf", "env": "preprod", "country": "dk", "status": "active", "pin": "1111"},
            {"email": "hat-no_change_password@qa.hbo.eu", "firstname": "Endre", "lastname": "Passord", "password": "asdfasdf", "tmp_password": "asdfasdfasdf", "env": "preprod", "country": "no", "status": "active", "pin": "1111"},
            {"email": "hat-fi_change_password@qa.hbo.eu", "firstname": "Vaihda", "lastname": "Salasana", "password": "asdfasdf", "tmp_password": "asdfasdfasdf", "env": "preprod", "country": "fi", "status": "active", "pin": "1111"},
            {"email": "hat-es_change_password@qa.hbo.eu", "firstname": "Cambiar", "lastname": "Contraseña", "password": "asdfasdf", "tmp_password": "asdfasdfasdf", "env": "preprod", "country": "es", "status": "active", "pin": "1111"},
            
            {"email": "hat-se_change_password@qa.hbo.eu", "firstname": "Ändra", "lastname": "Lösenord", "password": "asdfasdf", "tmp_password": "asdfasdfasdf", "env": "prod", "country": "se", "status": "active", "pin": "1111"},
            {"email": "hat-dk_change_password@qa.hbo.eu", "firstname": "Skift", "lastname": "Adgangskode", "password": "asdfasdf", "tmp_password": "asdfasdfasdf", "env": "prod", "country": "dk", "status": "active", "pin": "1111"},
            {"email": "hat-no_change_password@qa.hbo.eu", "firstname": "Endre", "lastname": "Passord", "password": "asdfasdf", "tmp_password": "asdfasdfasdf", "env": "prod", "country": "no", "status": "active", "pin": "1111"},
            {"email": "hat-fi_change_password@qa.hbo.eu", "firstname": "Vaihda", "lastname": "Salasana", "password": "asdfasdf", "tmp_password": "asdfasdfasdf", "env": "prod", "country": "fi", "status": "active", "pin": "1111"},
            {"email": "hat-es_change_password8@qa.hbo.eu", "firstname": "Cambiar", "lastname": "Contraseña", "password": "asdfasdf", "tmp_password": "asdfasdfasdf", "env": "prod", "country": "es", "status": "active", "pin": "1111"}
        ],
        "change_pin": [
            {"email": "hat-se_change_pin@qa.hbo.eu", "firstname": "Identifikation", "lastname": "Nummer", "password": "asdfasdf", "env": "preprod", "country": "se", "status": "active", "pin": "1111", "tmp_pin": "9876"},
            {"email": "hat-dk_change_pin@qa.hbo.eu", "firstname": "Identifikation", "lastname": "Nummer", "password": "asdfasdf", "env": "preprod", "country": "dk", "status": "active", "pin": "1111", "tmp_pin": "9876"},
            {"email": "hat-no_change_pin@qa.hbo.eu", "firstname": "Identifikasjon", "lastname": "Tall", "password": "asdfasdf", "env": "preprod", "country": "no", "status": "active", "pin": "1111", "tmp_pin": "9876"},
            {"email": "hat-fi_change_pin@qa.hbo.eu", "firstname": "Tunnistaminen", "lastname": "Määrä", "password": "asdfasdf", "env": "preprod", "country": "fi", "status": "active", "pin": "1111", "tmp_pin": "9876"},
            {"email": "hat-es_change_pin@qa.hbo.eu", "firstname": "Identificación", "lastname": "Número", "password": "asdfasdf", "env": "preprod", "country": "es", "status": "active", "pin": "1111", "tmp_pin": "9876"},

            {"email": "hat-se_change_pin2@qa.hbo.eu", "firstname": "Identifikation", "lastname": "Nummer", "password": "asdfasdf", "env": "prod", "country": "se", "status": "active", "pin": "1111", "tmp_pin": "9876"},
            {"email": "hat-dk_change_pin@qa.hbo.eu", "firstname": "Identifikation", "lastname": "Nummer", "password": "asdfasdf", "env": "prod", "country": "dk", "status": "active", "pin": "1111", "tmp_pin": "9876"},
            {"email": "hat-no_change_pin@qa.hbo.eu", "firstname": "Identifikasjon", "lastname": "Tall", "password": "asdfasdf", "env": "prod", "country": "no", "status": "active", "pin": "1111", "tmp_pin": "9876"},
            {"email": "hat-fi_change_pin@qa.hbo.eu", "firstname": "Tunnistaminen", "lastname": "Määrä", "password": "asdfasdf", "env": "prod", "country": "fi", "status": "active", "pin": "1111", "tmp_pin": "9876"},
            {"email": "hat-es_change_pin2@qa.hbo.eu", "firstname": "Identificación", "lastname": "Número", "password": "asdfasdf", "env": "prod", "country": "es", "status": "active", "pin": "1111", "tmp_pin": "9876"}
        ],
        "change_email": [
            {"email": "hat-se_change_email@qa.hbo.eu", "tmp_email": "hat-se_changed_email@qa.hbo.eu", "firstname": "E-post", "lastname": "Duva", "password": "asdfasdf", "env": "preprod", "country": "se", "status": "active", "pin": "1111"},
            {"email": "hat-dk_change_email@qa.hbo.eu", "tmp_email": "hat-dk_changed_email@qa.hbo.eu", "firstname": "E-mail", "lastname": "Due", "password": "asdfasdf", "env": "preprod", "country": "dk", "status": "active", "pin": "1111"},
            {"email": "hat-no_change_email@qa.hbo.eu", "tmp_email": "hat-no_changed_email@qa.hbo.eu", "firstname": "E-post", "lastname": "Due", "password": "asdfasdf", "env": "preprod", "country": "no", "status": "active", "pin": "1111"},
            {"email": "hat-fi_change_email@qa.hbo.eu", "tmp_email": "hat-fi_changed_email@qa.hbo.eu", "firstname": "Sähköposti", "lastname": "Kyyhkynen", "password": "asdfasdf", "env": "preprod", "country": "fi", "status": "active", "pin": "1111"},
            {"email": "hat-es_change_email@qa.hbo.eu", "tmp_email": "hat-es_changed_email@qa.hbo.eu", "firstname": "Correo Electrónico", "lastname": "Paloma", "password": "asdfasdf", "env": "preprod", "country": "es", "status": "active", "pin": "1111"},

            {"email": "hat-se_change_email@qa.hbo.eu", "tmp_email": "hat-se_changed_email@qa.hbo.eu", "firstname": "E-post", "lastname": "Duva", "password": "asdfasdf", "env": "prod", "country": "se", "status": "active", "pin": "1111"},
            {"email": "hat-dk_change_email@qa.hbo.eu", "tmp_email": "hat-dk_changed_email@qa.hbo.eu", "firstname": "E-mail", "lastname": "Due", "password": "asdfasdf", "env": "prod", "country": "dk", "status": "active", "pin": "1111"},
            {"email": "hat-no_change_email@qa.hbo.eu", "tmp_email": "hat-no_changed_email@qa.hbo.eu", "firstname": "E-post", "lastname": "Due", "password": "asdfasdf", "env": "prod", "country": "no", "status": "active", "pin": "1111"},
            {"email": "hat-fi_change_email@qa.hbo.eu", "tmp_email": "hat-fi_changed_email@qa.hbo.eu", "firstname": "Sähköposti", "lastname": "Kyyhkynen", "password": "asdfasdf", "env": "prod", "country": "fi", "status": "active", "pin": "1111"},
            {"email": "hat-es_change_email@qa.hbo.eu", "tmp_email": "hat-es_changed_email@qa.hbo.eu", "firstname": "Correo Electrónico", "lastname": "Paloma", "password": "asdfasdf", "env": "prod", "country": "es", "status": "active", "pin": "1111"}
        ],
        "change_info": [
            {"email": "hat-se_change_info@qa.hbo.eu", "firstname": "Användare", "tmp_firstname": "TmpChanged", "lastname": "Information", "tmp_lastname": "TmpChangedLast", "password": "asdfasdf", "env": "preprod", "country": "se", "status": "active", "pin": "1111"},
            {"email": "hat-dk_change_info@qa.hbo.eu", "firstname": "Bruger", "tmp_firstname": "TmpChanged", "lastname": "Information", "tmp_lastname": "TmpChangedLast", "password": "asdfasdf", "env": "preprod", "country": "dk", "status": "active", "pin": "1111"},
            {"email": "hat-no_change_info@qa.hbo.eu", "firstname": "Bruker", "tmp_firstname": "TmpChanged", "lastname": "Informasjon", "tmp_lastname": "TmpChangedLast", "password": "asdfasdf", "env": "preprod", "country": "no", "status": "active", "pin": "1111"},
            {"email": "hat-fi_change_info@qa.hbo.eu", "firstname": "Käyttäjä", "tmp_firstname": "TmpChanged", "lastname": "Tiedot", "tmp_lastname": "TmpChangedLast", "password": "asdfasdf", "env": "preprod", "country": "fi", "status": "active", "pin": "1111"},
            {"email": "hat-es_change_info@qa.hbo.eu", "firstname": "Usuario", "tmp_firstname": "TmpChanged", "lastname": "Información", "tmp_lastname": "TmpChangedLast", "password": "asdfasdf", "env": "preprod", "country": "es", "status": "active", "pin": "1111"},

            {"email": "hat-se_change_info@qa.hbo.eu", "firstname": "Användare", "tmp_firstname": "TmpChanged", "lastname": "Information", "tmp_lastname": "TmpChangedLast", "password": "asdfasdf", "env": "prod", "country": "se", "status": "active", "pin": "1111"},
            {"email": "hat-dk_change_info@qa.hbo.eu", "firstname": "Bruger", "tmp_firstname": "TmpChanged", "lastname": "Information", "tmp_lastname": "TmpChangedLast", "password": "asdfasdf", "env": "prod", "country": "dk", "status": "active", "pin": "1111"},
            {"email": "hat-no_change_info@qa.hbo.eu", "firstname": "Bruker", "tmp_firstname": "TmpChanged", "lastname": "Informasjon", "tmp_lastname": "TmpChangedLast", "password": "asdfasdf", "env": "prod", "country": "no", "status": "active", "pin": "1111"},
            {"email": "hat-fi_change_info@qa.hbo.eu", "firstname": "Käyttäjä", "tmp_firstname": "TmpChanged", "lastname": "Tiedot", "tmp_lastname": "TmpChangedLast", "password": "asdfasdf", "env": "prod", "country": "fi", "status": "active", "pin": "1111"},
            {"email": "hat-es_change_info@qa.hbo.eu", "firstname": "Usuario", "tmp_firstname": "TmpChanged", "lastname": "Información", "tmp_lastname": "TmpChangedLast", "password": "asdfasdf", "env": "prod", "country": "es", "status": "active", "pin": "1111"}
        ],
        "full_watchlist": [
            {"email": "hat-se_full_watchlist@qa.hbo.eu", "firstname": "Full-se", "lastname": "Watchlist", "password":"asdfasdf", "env":"preprod", "country":"se", "status":"active", "pin":"1111"},
            {"email": "hat-dk_full_watchlist@qa.hbo.eu", "firstname": "Full-dk", "lastname": "Watchlist", "password":"asdfasdf", "env":"preprod", "country":"dk", "status":"active", "pin":"1111"},
            {"email": "hat-no_full_watchlist@qa.hbo.eu", "firstname": "Full-no", "lastname": "Watchlist", "password":"asdfasdf", "env":"preprod", "country":"no", "status":"active", "pin":"1111"},
            {"email": "hat-fi_full_watchlist@qa.hbo.eu", "firstname": "Full-fi", "lastname": "Watchlist", "password":"asdfasdf", "env":"preprod", "country":"fi", "status":"active", "pin":"1111"},
            {"email": "hat-es_full_watchlist@qa.hbo.eu", "firstname": "Full-es", "lastname": "Watchlist", "password":"asdfasdf", "env":"preprod", "country":"es", "status":"active", "pin":"1111"},

            {"email": "hat-se_full_watchlist@qa.hbo.eu", "firstname": "Full-se", "lastname": "Watchlist", "password":"asdfasdf", "env":"prod", "country":"se", "status":"active", "pin":"1111"},
            {"email": "hat-dk_full_watchlist@qa.hbo.eu", "firstname": "Full-dk", "lastname": "Watchlist", "password":"asdfasdf", "env":"prod", "country":"dk", "status":"active", "pin":"1111"},
            {"email": "hat-no_full_watchlist@qa.hbo.eu", "firstname": "Full-no", "lastname": "Watchlist", "password":"asdfasdf", "env":"prod", "country":"no", "status":"active", "pin":"1111"},
            {"email": "hat-fi_full_watchlist@qa.hbo.eu", "firstname": "Full-fi", "lastname": "Watchlist", "password":"asdfasdf", "env":"prod", "country":"fi", "status":"active", "pin":"1111"},
            {"email": "hat-es_full_watchlist@qa.hbo.eu", "firstname": "Full-es", "lastname": "Watchlist", "password":"asdfasdf", "env":"prod", "country":"es", "status":"active", "pin":"1111"}
        ],
        "playback": [
            {"email": "hat-se_playback@qa.hbo.eu", "firstname": "Spela", "lastname": "Upp", "password": "asdfasdf", "env": "preprod", "country": "se", "status": "active", "pin": "1111"},
            {"email": "hat-no_playback@qa.hbo.eu", "firstname": "Spille", "lastname": "Assets", "password": "asdfasdf", "env": "preprod", "country": "no", "status": "active", "pin": "1111"},
            {"email": "hat-dk_playback@qa.hbo.eu", "firstname": "Spille", "lastname": "Assets", "password": "asdfasdf", "env": "preprod", "country": "dk", "status": "active", "pin": "1111"},
            {"email": "hat-fi_playback@qa.hbo.eu", "firstname": "Pelata", "lastname": "Assets", "password": "asdfasdf", "env": "preprod", "country": "fi", "status": "active", "pin": "1111"},
            {"email": "hat-es_playback@qa.hbo.eu", "firstname": "Jugar", "lastname": "Assets", "password": "asdfasdf", "env": "preprod", "country": "es", "status": "active", "pin": "1111"},

            {"email": "hat-se_playback@qa.hbo.eu", "firstname": "Spela", "lastname": "Upp", "password": "asdfasdf", "env": "prod", "country": "se", "status": "active", "pin": "1111"},
            {"email": "hat-se_playback@qa.hbo.eu", "firstname": "Spille", "lastname": "Assets", "password": "asdfasdf", "env": "prod", "country": "no", "status": "active", "pin": "1111"},
            {"email": "hat-se_playback@qa.hbo.eu", "firstname": "Spille", "lastname": "Assets", "password": "asdfasdf", "env": "prod", "country": "dk", "status": "active", "pin": "1111"},
            {"email": "hat-fi_playback@qa.hbo.eu", "firstname": "Pelata", "lastname": "Assets", "password": "asdfasdf", "env": "prod", "country": "fi", "status": "active", "pin": "1111"},
            {"email": "hat-es_playback@qa.hbo.eu", "firstname": "Jugar", "lastname": "Assets", "password": "asdfasdf", "env": "prod", "country": "es", "status": "active", "pin": "1111"}
        ],
        "playback2": [
            {"email": "hat-se_playback2@qa.hbo.eu", "firstname": "", "lastname": "", "password": "asdfasdf", "env": "preprod", "country": "se", "status": "active", "pin": ""},
            {"email": "hat-no_playback2@qa.hbo.eu", "firstname": "", "lastname": "", "password": "asdfasdf", "env": "preprod", "country": "no", "status": "active", "pin": ""},
            {"email": "hat-dk_playback2@qa.hbo.eu", "firstname": "", "lastname": "", "password": "asdfasdf", "env": "preprod", "country": "dk", "status": "active", "pin": ""},
            {"email": "hat-fi_playback2@qa.hbo.eu", "firstname": "", "lastname": "", "password": "asdfasdf", "env": "preprod", "country": "fi", "status": "active", "pin": ""},
            {"email": "hat-es_playback2@qa.hbo.eu", "firstname": "", "lastname": "", "password": "asdfasdf", "env": "preprod", "country": "es", "status": "active", "pin": ""},

            {"email": "hat-se_playback2@qa.hbo.eu", "firstname": "", "lastname": "", "password": "asdfasdf", "env": "prod", "country": "se", "status": "active", "pin": ""},
            {"email": "hat-se_playback2@qa.hbo.eu", "firstname": "", "lastname": "", "password": "asdfasdf", "env": "prod", "country": "no", "status": "active", "pin": ""},
            {"email": "hat-se_playback2@qa.hbo.eu", "firstname": "", "lastname": "", "password": "asdfasdf", "env": "prod", "country": "dk", "status": "active", "pin": ""},
            {"email": "hat-fi_playback2@qa.hbo.eu", "firstname": "", "lastname": "", "password": "asdfasdf", "env": "prod", "country": "fi", "status": "active", "pin": ""},
            {"email": "hat-es_playback2@qa.hbo.eu", "firstname": "", "lastname": "", "password": "asdfasdf", "env": "prod", "country": "es", "status": "active", "pin": ""}
        ],
        "playback3": [
            {"email": "hat-se_playback3@qa.hbo.eu", "firstname": "", "lastname": "", "password": "asdfasdf", "env": "preprod", "country": "se", "status": "active", "pin": ""},
            {"email": "hat-no_playback3@qa.hbo.eu", "firstname": "", "lastname": "", "password": "asdfasdf", "env": "preprod", "country": "no", "status": "active", "pin": ""},
            {"email": "hat-dk_playback3@qa.hbo.eu", "firstname": "", "lastname": "", "password": "asdfasdf", "env": "preprod", "country": "dk", "status": "active", "pin": ""},
            {"email": "hat-fi_playback3@qa.hbo.eu", "firstname": "", "lastname": "", "password": "asdfasdf", "env": "preprod", "country": "fi", "status": "active", "pin": ""},
            {"email": "hat-es_playback3@qa.hbo.eu", "firstname": "", "lastname": "", "password": "asdfasdf", "env": "preprod", "country": "es", "status": "active", "pin": ""},

            {"email": "hat-se_playback3@qa.hbo.eu", "firstname": "", "lastname": "", "password": "asdfasdf", "env": "prod", "country": "se", "status": "active", "pin": ""},
            {"email": "hat-se_playback3@qa.hbo.eu", "firstname": "", "lastname": "", "password": "asdfasdf", "env": "prod", "country": "no", "status": "active", "pin": ""},
            {"email": "hat-se_playback3@qa.hbo.eu", "firstname": "", "lastname": "", "password": "asdfasdf", "env": "prod", "country": "dk", "status": "active", "pin": ""},
            {"email": "hat-fi_playback3@qa.hbo.eu", "firstname": "", "lastname": "", "password": "asdfasdf", "env": "prod", "country": "fi", "status": "active", "pin": ""},
            {"email": "hat-es_playback3@qa.hbo.eu", "firstname": "", "lastname": "", "password": "asdfasdf", "env": "prod", "country": "es", "status": "active", "pin": ""}
        ],
        "no_cw": [
            {"email": "hat-se_no_cw@qa.hbo.eu", "firstname": "", "lastname": "", "password": "asdfasdf", "env": "preprod", "country": "se", "status": "suspended", "pin": ""},
            {"email": "hat-fi_no_cw@qa.hbo.eu", "firstname": "", "lastname": "", "password": "asdfasdf", "env": "preprod", "country": "fi", "status": "suspended", "pin": ""},
            {"email": "hat-dk_no_cw@qa.hbo.eu", "firstname": "", "lastname": "", "password": "asdfasdf", "env": "preprod", "country": "dk", "status": "suspended", "pin": ""},
            {"email": "hat-no_no_cw@qa.hbo.eu", "firstname": "", "lastname": "", "password": "asdfasdf", "env": "preprod", "country": "no", "status": "suspended", "pin": ""},
            {"email": "hat-es_no_cw@qa.hbo.eu", "firstname": "", "lastname": "", "password": "asdfasdf", "env": "preprod", "country": "es", "status": "suspended", "pin": ""},

            {"email": "hat-se_no_cw@qa.hbo.eu", "firstname": "", "lastname": "", "password": "asdfasdf", "env": "prod", "country": "se", "status": "suspended", "pin": ""},
            {"email": "hat-fi_no_cw@qa.hbo.eu", "firstname": "", "lastname": "", "password": "asdfasdf", "env": "prod", "country": "fi", "status": "suspended", "pin": ""},
            {"email": "hat-dk_no_cw@qa.hbo.eu", "firstname": "", "lastname": "", "password": "asdfasdf", "env": "prod", "country": "dk", "status": "suspended", "pin": ""},
            {"email": "hat-no_no_cw@qa.hbo.eu", "firstname": "", "lastname": "", "password": "asdfasdf", "env": "prod", "country": "no", "status": "suspended", "pin": ""},
            {"email": "hat-es_no_cw@qa.hbo.eu", "firstname": "", "lastname": "", "password": "asdfasdf", "env": "prod", "country": "es", "status": "suspended", "pin": ""}
        ],
        "download": [
            {"email": "hat-se_download@qa.hbo.eu", "firstname": "", "lastname": "", "password": "asdfasdf", "env": "preprod", "country": "se", "status": "active", "pin": ""},
            {"email": "hat-es_download@qa.hbo.eu", "firstname": "", "lastname": "", "password": "asdfasdf", "env": "preprod", "country": "es", "status": "active", "pin": ""},

            {"email": "hat-se_download@qa.hbo.eu", "firstname": "", "lastname": "", "password": "asdfasdf", "env": "prod", "country": "se", "status": "active", "pin": ""},
            {"email": "hat-es_download@qa.hbo.eu", "firstname": "", "lastname": "", "password": "asdfasdf", "env": "prod", "country": "es", "status": "active", "pin": ""}
        ]
    },
    "paypal_users": [
        {"email": "ppautotestse2@qa.hbo.eu", "password": "G@lnaK0sjukan", "firstname": "Kalle", "lastname": "Kanin", "cc_country": "se", "env": "preprod", "country": "se"},
        {"email": "ppautotestno1@qa.hbo.eu", "password": "G@lnaK0sjukan", "firstname": "Kalle", "lastname": "Kanin", "cc_country": "no", "env": "preprod", "country": "no"},
        {"email": "ppautotestdk1@qa.hbo.eu", "password": "G@lnaK0sjukan", "firstname": "Kalle", "lastname": "Kanin", "cc_country": "dk", "env": "preprod", "country": "dk"},
        {"email": "ppautotestfi1@qa.hbo.eu", "password": "G@lnaK0sjukan", "firstname": "Kalle", "lastname": "Kanin", "cc_country": "fi", "env": "preprod", "country": "fi"},
        {"email": "ppautotestes1@qa.hbo.eu", "password": "G@lnaK0sjukan", "firstname": "Kalle", "lastname": "Kanin", "cc_country": "es", "env": "preprod", "country": "es"},

        {"email": "ppautotesten1@qa.hbo.eu", "password": "G@lnaK0sjukan", "firstname": "Kalle", "lastname": "Kanin", "cc_country": "en", "env": "preprod", "country": "en"},

        {"email": "ppautotestse_nocc1@qa.hbo.eu", "password": "G@lnaK0sjukan", "firstname": "Kalle", "lastname": "Kanin", "cc_country": "none", "env": "preprod", "country": "se"},
        {"email": "ppautotestno_nocc1@qa.hbo.eu", "password": "G@lnaK0sjukan", "firstname": "Kalle", "lastname": "Kanin", "cc_country": "none", "env": "preprod", "country": "no"},
        {"email": "ppautotestdk_nocc1@qa.hbo.eu", "password": "G@lnaK0sjukan", "firstname": "Kalle", "lastname": "Kanin", "cc_country": "none", "env": "preprod", "country": "dk"},
        {"email": "ppautotestfi_nocc1@qa.hbo.eu", "password": "G@lnaK0sjukan", "firstname": "Kalle", "lastname": "Kanin", "cc_country": "none", "env": "preprod", "country": "fi"},
        {"email": "ppautotestes_nocc1@qa.hbo.eu", "password": "G@lnaK0sjukan", "firstname": "Kalle", "lastname": "Kanin", "cc_country": "none", "env": "preprod", "country": "es"}
    ],
    "credit_cards": [
        {"number":"4581090329655682", "name":"John Johansson", "type":"visa", "cvv":"123", "month":"03", "year":"2021", "country":"se"},
        {"number":"4001926658834343", "name":"John Hansen", "type":"visa", "cvv":"123", "month":"03", "year":"2021", "country":"no"},
        {"number":"4243732629781490", "name":"John Laaksonen", "type":"visa", "cvv":"123", "month":"03", "year":"2021", "country":"fi"},
        {"number":"4010093569089712", "name":"John Nielsen", "type":"visa", "cvv":"123", "month":"03", "year":"2021", "country":"dk"},
        {"number":"4010148473639554", "name":"John Fernandez", "type":"visa", "cvv":"123", "month":"03", "year":"2021", "country":"es"}
    ],
    "prices": [
        {"amount": 109, "currency": "SEK", "country": "se", "env": "preprod"},
        {"amount": 19.90, "currency": "EUR", "country": "fi", "env": "preprod"},
        {"amount": 218, "currency": "DKK", "country": "dk", "env": "preprod"},
        {"amount": 109, "currency": "NOK", "country": "no", "env": "preprod"},
        {"amount": 15.98, "currency": "EUR", "country": "es", "env": "preprod"}
    ],
    "vouchers": {
        "invalid_used": [
            {"number": "7102472701528209", "country": "se", "env": "preprod"},
            {"number": "7104511031350204", "country": "fi", "env": "preprod"},
            {"number": "7105295651819089", "country": "dk", "env": "preprod"},
            {"number": "7103589419099626", "country": "no", "env": "preprod"},
            {"number": "7101112962005037", "country": "es", "env": "preprod"},

            {"number": "9902476040565895", "country": "se", "env": "prod"},
            {"number": "9902476040565895", "country": "fi", "env": "prod"},
            {"number": "9902476040565895", "country": "dk", "env": "prod"},
            {"number": "9902476040565895", "country": "no", "env": "prod"},
            {"number": "9912146962363676", "country": "es", "env": "prod"}
        ]
    }
}
