{
    "signup_newsletter": {
        "en": "I do not wish to receive news and offers from HBO via email based on my use of the service.",
        "se": "Jag vill inte ha nyheter via e-post om innehåll och specialerbjudanden baserat på hur jag använder tjänsten.", 
        "no": "Jeg vil ikke motta e-poster om innhold og spesielle tilbud basert på min bruk av tjenesten.",
        "dk": "Jeg ønsker ikke e-mails med nyheder og særtilbud fra HBO baseret på min brug af tjenesten.",
        "fi": "En halua HBO Nordicilta sähköpostitse uutisia sisällöistä ja erikoistarjouksia palvelun käyttämisen perusteella.",
        "es": "No deseo recibir ofertas y comunicaciones a través del email basadas en mi consumo del servicio."
    },

    "subtitle_option_none": {
        "en": "NONE",
        "se": "INGA",
        "dk": "FRA",
        "no": "INGEN",
        "fi": "POIS",
        "es": "NINGUNO"
    },

    "maximum_streams_toast": {
        "en": "You have reached the maximum streams on your account",
        "se": "Du har nått det maximala antalet strömmar på ditt konto",
        "dk": "Man kan streame fra to enheder på samme tid. Du har nået maksimum antal streams.",
        "no": "Videoinnhold kan kun spilles av på 2 enheter samtidig",
        "fi": "Olet ylittänyt enimmäismäärän striimejä käyttäjätililläsi.",
        "es": "Has alcanzado el máximo de reproducciones en tu cuenta"
    },

    "play_unknown_error": {
        "en": "Sorry, we encountered a problem and could not play the video. Please try again later."
    },

    "wrong_email_password": {
        "en": "Incorrect email or password. Please try again."
    },

    "product_box_currency": {
        "en": "SEK",
        "se": "SEK",
        "fi": "€/kk",
        "dk": "kr./md",
        "no": "NOK/måned",
        "es": "€"
    },

    "credit_card_label": {
        "en": "VISA/Mastercard Number",
        "fi": "VISA/Mastercard Numero",
        "se": "VISA/Mastercard Nummer",
        "dk": "VISA/Mastercard Nummer",
        "no": "VISA/Mastercard Nummer",
        "es": "VISA/Mastercard Número"
    },
    "credit_card_month_label": {
        "en": "Month"
    },
    "credit_card_month_placeholder": {
        "en": "- Select One -",
        "fi": "- Select One -",
        "se": "- Select One -",
        "dk": "- Select One -",
        "no": "- Select One -",
        "es": "- Select One -"
    },
    "credit_card_year_label": {
        "en": "Year"
    },
    "credit_card_year_placeholder": {
        "en": "- Select One -",
        "fi": "- Select One -",
        "se": "- Select One -",
        "dk": "- Select One -",
        "no": "- Select One -",
        "es": "- Select One -"
    },
    "credit_card_holder_label": {
        "en": "Cardholder Name (max 29 characters)",
        "se": "Kreditkortshållarens namn (max 29 tecken)",
        "dk": "Kortholders navn (maks. 29 tegn)",
        "fi": "Kortinhaltijan Nimi (enintään 29 merkkiä)",
        "no": "Navn på kortholder (maks 29 tegn)",
        "es": "Nombre en la Tarjeta (máximo 29 caracteres)"
    },

    "myaccount_name_placeholder": {
        "en": "Optional",
        "se": "Frivilligt",
        "dk": "Valgfrit",
        "no": "Valgfritt",
        "fi": "Ei pakollinen",
        "es": "Opcional"
    },

    "cw_shelf_name": {
        "en": "RECENTLY WATCHED",
        "se": "FORTSÄTT TITTA",
        "fi": "JATKA KATSELUA",
        "dk": "FORTSÆT MED AT SE",
        "no": "FORTSETT Å SE",
        "es": "SEGUIR VIENDO",
        "en_es": "CONTINUE WATCHING"
    },

    "myaccount_subscription_cancelled_message": {
        "en": "You still have access to HBO through the end of the current billing period",
        "se": "Du har fortfarande tillgång till HBO ända till slutet på nuvarande betalningsperiod",
        "fi": "Pystyt yhä katselemaan HBO:n ohjelmia nykyisen laskutuskautesi loppuun asti",
        "dk": "Du har stadig adgang til HBO indtil den betalte periodes udløb",
        "no": "Du vil fortsatt ha tilgang til tjenesten til slutten av denne betalingsperioden, som er",
        "es": "Continuas teniendo acceso a HBO hasta la próxima fecha de facturación"
    },

    "myaccount_invalid_password": {
        "en": "Incorrect password. Please try again. Note that passwords are case sensitive.",
        "se": "Ogiltigt lösenord. Vänligen försök igen. Notera att lösenordet är skiftlägeskänsligt.",
        "dk": "Ugyldigt kodeord. Forsøg venligst igen. Bemærk at der tages højde for store og små bogstaver.",
        "no": "Feil passord. Vennligst forsøk igjen. Merk at passordet skiller mellom små og store bokstaver.",
        "fi": "Väärä salasana. Yritä uudelleen. Huomioithan salasanan isot ja pienet kirjaimet.",
        "es": "La contraseña antigua es incorrecta."
    },

    "myaccount_update_email_exists": {
        "en": "An account with the email address is already in our system. Try logging in or use the forgotten password link to reset your password.",
        "se": "Ett konto med den angivna e-postadressen är redan registrerat i vårt system. Försök att logga in på nytt eller tryck på \"Glömt Lösenord\" för att återställa ditt lösenord.",
        "dk": "En konto med denne email-adresse findes allerede i vores system. Forsøg at logge ind eller klik på linket \"glemt kodeord\" for at nulstille dit kodeord.",
        "no": "En konto med denne e-postadressen finnes allerede i vårt system. Prøv å logge inn eller trykk på lenken \"Glemt passord\" for å nullstille passordet ditt.",
        "fi": "Sähköpostiosoitteelle on jo luotu käyttäjätili. Yritä kirjautua uudelleen tai vaihda salasana.",
        "es": "Esta cuenta de usuario está ya registrada."
    }

}