{
  "DANISH": [
    "ud", "lige", "tak", "laver", "nogle", "fik", "altid", "brug", "finde", "kender", "gerne", "vej", "uden", "set",
    "ret", "sidste", "jeres", "troede", "ven", "penge", "hendes", "blevet", "vide", "gik", "arbejde", "andet", "hjælp",
    "vidste", "bedste", "mellem", "noget", "lad", "ind", "tænkte", "træ", "krydse", "hårdt", "begyndelse", "måske",
    "køre", "presse", "tæt", "nat", "videnskab", "værelse", "begyndte", "bjerg", "farve", "ansigt", "åben"
  ],
  "FINNISH": [
    "hän", "mitä", "että", "ole", "olen", "niin", "minä", "mutta", "miksi", "vain", "sinä", "tämä", "voi", "olet",
    "sitä", "kuin", "täällä", "kaikki", "minun", "hyvä", "hänen", "ovat", "minua", "älä", "kyllä", "sinun", "sinua",
    "onko", "mitään", "kiitos", "mikä", "hänet", "siitä", "kanssa", "olla", "yksi", "alkaen", "mukaan", "kuuma",
    "jotkut", "päälle", "tehdä", "sisään", "voida", "ulos", "muut", "olivat", "joka", "niiden", "aika"
  ],
  "NORWEGIAN": [
    "deg", "meg", "hva", "dere", "noe", "nei", "liker", "gjør", "igjen", "noen", "opp", "takk", "gjøre", "litt", "inn",
    "etter", "vel", "aldri", "tilbake", "la", "kanskje", "ble", "sier", "gi", "trenger", "greit", "akkurat", "mye",
    "enn", "mann", "fikk", "si", "høres", "hjelpe", "avvike", "årsaken", "høyre", "gutt", "gammel", "måte", "deretter",
    "løpet", "samtale", "vært", "hode", "anlegg", "dekselet", "mellom", "øye", "krysse"
  ],
  "SWEDISH": [
    "och", "att", "är", "för", "till", "inte", "ett", "jag", "från", "när", "säger", "också", "finns", "vara", "hade",
    "alla", "andra", "mycket", "sedan", "över", "bara", "upp", "vad", "vill", "många", "detta", "första", "ju", "två",
    "något", "tack", "kanske", "behöver", "göra", "deras", "hur", "varje", "berätta", "uppsättning", "spela", "ände",
    "sätta", "läsa", "sidan", "lägg", "även", "här", "följ", "varför", "män"
  ],
  "ENGLISH": [
    "the", "of", "that", "with", "he", "you", "this", "but", "his", "they", "we", "say", "she", "one", "would", "there",
    "their", "what", "out", "about", "who", "which", "when", "can", "know", "take", "people", "year", "your", "good",
    "could", "them", "other", "then", "than", "now", "look", "only", "come", "think", "word", "some", "were", "how",
    "said", "each", "does", "three", "want", "air"
  ],
  "SPANISH": [
    "querer", "que", "un", "haber", "por", "con", "su", "para", "como", "estar", "tener", "todo", "pero", "más",
    "hacer", "poder", "decir", "este", "esta", "ir", "ya", "ver", "porque", "cuando", "muy", "vez", "mucho", "qué",
    "sobre", "alguno", "mismo", "también", "hasta", "año", "primero", "desde", "llegar", "tiempo", "bien", "poco",
    "espalda", "después", "donde", "necesitará", "casa", "fuera", "tipo", "luz", "cambio", "hombres", "preguntar",
    "acto", "grande", "sẽnor"
  ]
}
