{
    "prod_hboce_hu": "https://hbogo.hu",
    "bs_exec_url": "http://hbowebauto1:kmWCbAb8cCNWBua6pegv@hub.browserstack.com:80/wd/hub",
    "prod_hboce_ro": "https://hbogo.ro",
    "prod_hboce_pl": "https://hbogo.pl",
    "prod_hboce_ba": "https://hbogo.ba",
    "prod_hboce_bg": "https://hbogo.bg",
    "prod_hboce_cz": "https://hbogo.cz",
    "prod_hboce_hr": "https://hbogo.hr",
    "prod_hboce_me": "https://hbogo.me",
    "prod_hboce_mk": "https://hbogo.mk",
    "prod_hboce_si": "https://hbogo.si",
    "prod_hboce_sk": "https://hbogo.sk",
    "prod_hboce_rs": "https://hbogo.rs",
    "prod_hboce_pt": "https://hboportugal.com",
    
    "prfe_hboce_hu": "https://hboengine:d3vtest0;@prfe.hbogo.hu",
    "prfe_hboce_ro": "https://hboengine:d3vtest0;@prfe.hbogo.ro",
    "prfe_hboce_pl": "https://hboengine:d3vtest0;@prfe.hbogo.pl",
    "prfe_hboce_ba": "https://hboengine:d3vtest0;@prfe.hbogo.ba",
    "prfe_hboce_bg": "https://hboengine:d3vtest0;@prfe.hbogo.bg",
    "prfe_hboce_cz": "https://hboengine:d3vtest0;@prfe.hbogo.cz",
    "prfe_hboce_hr": "https://hboengine:d3vtest0;@prfe.hbogo.hr",
    "prfe_hboce_me": "https://hboengine:d3vtest0;@prfe.hbogo.me",
    "prfe_hboce_mk": "https://hboengine:d3vtest0;@prfe.hbogo.mk",
    "prfe_hboce_si": "https://hboengine:d3vtest0;@prfe.hbogo.si",
    "prfe_hboce_sk": "https://hboengine:d3vtest0;@prfe.hbogo.sk",
    "prfe_hboce_rs": "https://hboengine:d3vtest0;@prfe.hbogo.rs",
    "prfe_hboce_pt": "https://hboengine:d3vtest0;@prfe.hboportugal.com",

    "d2c_hboce_hu": "https://hboengine:d3vtest0;@d2c.hbogo.hu",
    "d2c_hboce_ro": "https://hboengine:d3vtest0;@d2c.hbogo.ro",
    "d2c_hboce_pl": "https://hboengine:d3vtest0;@d2c.hbogo.pl",
    "d2c_hboce_ba": "https://hboengine:d3vtest0;@d2c.hbogo.ba",
    "d2c_hboce_bg": "https://hboengine:d3vtest0;@d2c.hbogo.bg",
    "d2c_hboce_cz": "https://hboengine:d3vtest0;@d2c.hbogo.cz",
    "d2c_hboce_hr": "https://hboengine:d3vtest0;@d2c.hbogo.hr",
    "d2c_hboce_me": "https://hboengine:d3vtest0;@d2c.hbogo.me",
    "d2c_hboce_mk": "https://hboengine:d3vtest0;@d2c.hbogo.mk",
    "d2c_hboce_si": "https://hboengine:d3vtest0;@d2c.hbogo.si",
    "d2c_hboce_sk": "https://hboengine:d3vtest0;@d2c.hbogo.sk",
    "d2c_hboce_rs": "https://hboengine:d3vtest0;@d2c.hbogo.rs",
    "d2c_hboce_pt": "https://hboengine:d3vtest0;@d2c.hboportugal.com",

    "qa_hboce_hu": "https://fegh78fgzv7842z.hbogo.hu/",
    "qa_hboce_ro": "https://fegh78fgzv7842z.hbogo.ro/",
    "qa_hboce_pl": "https://fegh78fgzv7842z.hbogo.pl/",
    "qa_hboce_ba": "https://fegh78fgzv7842z.hbogo.ba/",
    "qa_hboce_bg": "https://fegh78fgzv7842z.hbogo.bg/",
    "qa_hboce_cz": "https://fegh78fgzv7842z.hbogo.cz/",
    "qa_hboce_hr": "https://fegh78fgzv7842z.hbogo.hr/",
    "qa_hboce_me": "https://fegh78fgzv7842z.hbogo.me/",
    "qa_hboce_mk": "https://fegh78fgzv7842z.hbogo.mk/",
    "qa_hboce_si": "https://fegh78fgzv7842z.hbogo.si/",
    "qa_hboce_sk": "https://fegh78fgzv7842z.hbogo.sk/",
    "qa_hboce_rs": "https://fegh78fgzv7842z.hbogo.rs/"
}
