{ 
    "android_apps": [
        {"id": "google-play", "app":"com.android.vending", "activity": "com.android.vending.AssetBrowserActivity"},
        {"id": "settings", "app":"com.android.settings", "activity": "com.android.settings.Settings"},
        {"id": "hbo-login", "app":"com.hbo.android.app", "activity": "com.hbo.android.app.signIn.ui.SignInActivity"},
        {"id": "hbo-home", "app":"com.hbo.android.app", "activity": "com.hbo.android.app.home.UserHomeActivity"},
        {"id": "hbo-startup", "app":"com.hbo.android.app", "activity": "com.hbo.android.app.bootstrap.ui.StartupActivity"},
        {"id": "hbo-region", "app":"com.hbo.android.app", "activity": "com.hbo.android.app.profile.ChooseRegionActivity"}
    ], 
    "ios_apps": [
        {"id": "settings", "app":"com.android.settings", "activity": "com.android.settings.Settings"},
        {"id": "hbo-login", "app":"com.hbo.android.app", "activity": "com.hbo.android.app.bootstrap.ui.StartupActivity"}
    ]
}
