{
    "device":"apps/hbonmobile/appium/liothe.json", 
    "driver": "apps/hbonmobile/driver.json",  
    "url": "http://127.0.0.1:4730/wd/hub",   
    "package": "$HOME/android/packages/preprod/latest.apk", 
    "platform": "android",    
    "lang": "english", 
    "env":"preprod", 
    "country":"se", 
    "app": "hbonmobile", 
    "region":"nordic", 
    "testrail_project_id": "2", 
    "testrail_run_name": "Automation: Nordic Preprod Android (EN) - OnePlus 6T - @package_version-@package_build"
}