{
    "device":"apps/hbonmobile/appium/hboSamsungTabS2.json",
    "driver": "apps/hbonmobile/driver.json",
    "url": "http://127.0.0.1:4724/wd/hub",   
    "package": "$HOME/android/packages/preprod/latest.apk",
    "platform": "android",
    "lang": "english",
    "env":"preprod",
    "country":"se",
    "app": "hbonmobile",
    "region":"nordic",
    "testrail_project_id": "2",
    "testrail_run_name": "Automation: HBON Preprod Android (EN) - Samsung Galaxy Tab 2 - @package_version-@package_build"
}