{
   "device": "apps/hbonmobile/appium/hboHuaweiP10lite.json",
   "driver": "apps/hbonmobile/driver.json",
   "url": "http://127.0.0.1:4731/wd/hub",   
   "package": "$HOME/android/packages/preprod/latest.apk",
   "platform": "android",
   "lang": "english",
   "env": "preprod",
   "country": "es",
   "app": "hbonmobile",
   "region": "spain",
   "testrail_project_id": "2",
   "testrail_run_name": "Automation: HBOE Preprod Android (EN) - Huawei P10 Lite - @package_version-@package_build - @package_version-@package_build"
}