{
    "device":"apps/hbonmobile/appium/hboiPhone7.json",
    "driver": "apps/hbonmobile/driver.json",
    "url": "http://127.0.0.1:4729/wd/hub",   
    "package": "$HOME/ios/packages/preprod/latest.ipa",
    "platform": "ios",
    "lang": "english",
    "env":"preprod",
    "country":"se",
    "app": "hbonmobile",
    "region":"nordic",
    "testrail_project_id": "1",
    "testrail_suite_id": "1",
    "testrail_run_name": "Automation: HBON Preprod iOS (EN) - iPhone 7 - @package_version-@package_build"
}