{
    "device":"apps/hbonmobile/appium/hboiPhoneXR.json",
    "driver": "apps/hbonmobile/driver.json",
    "url": "http://127.0.0.1:4723/wd/hub",   
    "package": "$HOME/ios/packages/prod/latest.ipa",
    "platform": "ios",
    "lang": "english",
    "env":"prod",
    "country":"se",
    "app": "hbonmobile",
    "region":"nordic",
    "testrail_project_id": "1",
    "testrail_suite_id": "1",
    "testrail_run_name": "Automation: HBON Production iOS (EN) - iPhone XR - @package_version-@package_build"
}